NodeID,PositionX,PositionY,PositionZ,Size,Group
动物圈,5.49241,2.143559,3.738661,99,1
运动,2.220417,2.994999,2.969162,104,15
