NodeID,PositionX,PositionY,PositionZ,Size,Group
单机游戏,4.420311,6.739937,7.139832,21,8
游戏鉴赏家,4.510276,6.415002,7.19082,4,8
格斗,4.400075,7.2894,6.791689,4,8
攻略,5.075618,7.339284,7.390152,2,8
教程攻略,5.119101,6.949258,7.591248,5,8
怀旧,4.925148,6.857901,6.983637,3,8
游戏音乐,5.010066,6.558382,6.979306,4,8
麻将,5.280306,6.515192,8.17979,2,8
主机游戏,4.111101,6.870554,7.26158,2,8
人物,4.918132,7.300942,6.699489,2,8
电子竞技,4.594887,6.990243,7.616803,18,8
黑胶唱片,3.261516,6.70074,7.495982,2,16
电子音乐,2.66519,7.36142,7.536472,2,16
剧情,-0.2335303,4.842947,3.526051,7,4
英国,2.787813,6.384159,1.586759,7,14
英国首相,2.894326,6.312234,1.845909,2,14
亚洲,3.153613,6.030383,1.437796,5,14
特朗普,3.113882,6.166844,1.026606,6,14
俄乌冲突,3.091858,5.693265,1.374961,2,14
拜登,3.026686,5.768363,1.090366,3,14
俄罗斯,2.676067,5.92199,1.370557,6,14
知识,1.660022,3.279973,1.877466,100,10
社科·法律·心理,1.59701,2.879504,2.273386,12,10
人文,1.829261,3.000419,2.291945,9,10
文学,2.075563,3.327561,2.509258,4,10
效果,2.999852,5.089293,4.794429,2,7
摄影,1.996283,2.78883,1.252942,20,10
极客DIY,6.780854,6.727703,7.217626,13,11
教程,6.990493,6.949428,7.492151,18,11
计算机技术,7.109533,7.240095,7.523908,14,11
评测,6.881641,7.230054,6.543687,8,11
