NodeID,PositionX,PositionY,PositionZ,Size,Group
极客DIY,6.780854,6.727703,7.217626,13,11
AI,6.721047,7.077616,7.57115,23,11
数码,6.779968,7.288467,6.686352,41,11
电脑装机,7.100917,7.378439,6.596954,7,11
硬件,7.322651,7.327956,6.690909,5,11
单机游戏,4.420311,6.739937,7.139832,21,8
音游,4.757624,5.916279,7.273068,10,8
黑胶唱片,3.261516,6.70074,7.495982,2,16
编曲,2.682875,7.193204,7.477339,3,16
科幻,-0.1176777,4.542586,4.132796,11,4
影视,0.1477439,4.509906,4.169803,101,4
影视综合,0.7294243,4.669025,4.172465,11,4
音乐,3.042404,7.079176,7.760653,112,16
游戏,4.684269,6.775804,7.396548,111,8
科技,6.775392,7.053014,7.002256,101,11
射击游戏,4.926681,6.643126,7.383178,4,8
怀旧,4.925148,6.857901,6.983637,3,8
神专,3.360791,6.730125,7.483705,2,16
华春莹,2.507515,5.443386,1.217781,5,14
梗图,1.708351,5.504777,1.331347,3,5
摄影,1.996283,2.78883,1.252942,20,10
后期,2.314279,2.806379,1.412524,3,10
调色教程,2.376374,2.867745,1.415943,3,10
音响,3.785645,3.009549,1.436259,2,2
729声工场,3.845913,2.545384,1.078161,2,2
REACTION,3.99996,2.814938,1.226122,3,2
电棍,1.595859,0.7110044,3.395296,11,17
宠物吃播,4.956075,2.313327,3.522766,3,1
山东,3.564491,2.090681,6.325,3,12
新能源车,3.478551,4.187222,5.554315,19,7
汽车知识科普,3.565299,4.069957,4.94468,12,7
