NodeID,PositionX,PositionY,PositionZ,Size,Group
游戏,4.684269,6.775804,7.396548,111,8
手机游戏,5.318931,6.823978,7.252114,14,8
自制谱,4.959135,5.803482,7.344325,2,8
音游,4.757624,5.916279,7.273068,10,8
桌游棋牌,4.8604,6.619379,8.208125,13,8
原创音乐,2.892894,7.376485,7.778656,11,16
唱歌,2.943511,6.824887,7.383023,2,16
动画,3.248647,2.289715,1.774699,104,2
原创动画,3.289798,2.73305,1.667085,9,2
MMD·3D,2.752171,2.265194,1.948455,11,2
同人·手书,3.834201,2.497435,1.515606,15,2
手书,3.845414,2.330804,1.619201,6,2
同人,3.814501,2.171727,1.990598,5,2
音MAD,1.889215,0.9204245,3.840581,18,17
东海帝王,1.823458,0.8118513,3.032749,2,17
赛马娘,1.858596,0.803424,3.247552,4,17
动物圈,5.49241,2.143559,3.738661,99,1
流浪猫,5.705895,1.461358,4.132003,3,1
娱乐,7.313167,3.99114,2.269135,137,3
影视,0.1477439,4.509906,4.169803,101,4
整活,0.08689569,3.967883,4.277845,19,4
美食,3.350418,2.602116,6.135998,112,12
舞台,3.53737,7.201787,7.557795,4,16
黑胶唱片,3.261516,6.70074,7.495982,2,16
HIPHOP,3.012537,7.454794,7.468805,4,16
VOCALOID·UTAU,2.97541,7.435796,7.937469,6,16
知识,1.660022,3.279973,1.877466,100,10
工作,2.009566,3.883172,1.725729,7,10
舞蹈,0.4702844,3.959668,2.384538,105,13
