NodeID,PositionX,PositionY,PositionZ,Size,Group
单机游戏,4.420311,6.739937,7.139832,21,8
格斗,4.400075,7.2894,6.791689,4,8
拳皇,4.508242,7.089371,6.684332,5,8
教程攻略,5.119101,6.949258,7.591248,5,8
手机游戏,5.318931,6.823978,7.252114,14,8
桌游棋牌,4.8604,6.619379,8.208125,13,8
麻将,5.280306,6.515192,8.17979,2,8
影视,0.1477439,4.509906,4.169803,101,4
经典电影,0.7007861,4.521906,4.39103,12,4
影视综合,0.7294243,4.669025,4.172465,11,4
剧情,-0.2335303,4.842947,3.526051,7,4
建筑,1.277923,3.979447,1.47834,2,10
建筑设计,1.361337,3.874843,1.375956,6,10
设计,1.493208,3.814404,1.684254,8,10
知识,1.660022,3.279973,1.877466,100,10
英国,2.787813,6.384159,1.586759,7,14
打卡挑战,2.783074,5.83557,1.508268,5,14
美国,2.747586,6.084419,1.209479,28,14
户外美食,3.54271,2.396196,6.691356,2,12
街头美食,3.624508,2.382387,5.959377,13,12
生活记录,6.913461,7.498932,0.8834383,63,9
演奏,2.842663,7.118498,7.374807,8,16
神专,3.360791,6.730125,7.483705,2,16
电脑装机,7.100917,7.378439,6.596954,7,11
CPU,7.453838,7.341482,6.540703,2,11
网络,7.419937,7.386607,6.997271,2,11
计算机技术,7.109533,7.240095,7.523908,14,11
程序员,7.323519,7.099171,7.536508,3,11
编程开发,7.40459,6.871448,7.632425,2,11
游戏音乐,5.010066,6.558382,6.979306,4,8
攻略,5.075618,7.339284,7.390152,2,8
