NodeID,PositionX,PositionY,PositionZ,Size,Group
娱乐,7.313167,3.99114,2.269135,137,3
剪辑,7.151908,4.205626,2.314381,13,3
帅哥,7.453862,4.007443,2.907701,12,3
颜值,7.347579,4.354654,2.757473,6,3
kpop,7.47041,4.169848,3.004596,4,3
NCT,7.514102,3.892969,3.10206,2,3
万物皆可KPOP,7.472178,3.702744,2.736536,3,3
混剪,6.967015,4.0474,2.361325,13,3
歌手2024,6.922348,4.317531,1.827863,6,3
凡希亚,6.754239,4.407545,1.600958,4,3
黄宣,6.867341,4.493216,1.484579,2,3
谭维维,6.859006,4.637452,1.635746,2,3
那英,7.015131,4.435081,1.890856,4,3
表演,6.771276,4.655548,2.046356,2,3
话剧,6.638764,4.543282,2.054493,2,3
生活,7.086966,7.485795,0.8767818,232,9
大佬,7.504107,7.180479,1.670119,2,9
手工,7.168322,7.430295,1.57814,16,9
我的整活手工大赏,7.082434,7.73836,1.485893,2,9
赶海,6.675447,6.96331,0.6424924,4,9
鸡,6.237689,6.970524,1.209807,2,9
养殖,6.427169,6.785361,1.261201,2,9
拍照,7.456663,7.204125,0.1058426,2,9
美国,2.747586,6.084419,1.209479,28,14
热点,2.546607,6.027359,1.106718,32,14
俄乌冲突,3.091858,5.693265,1.374961,2,14
乌克兰,3.104135,5.879154,1.211571,2,14
特朗普,3.113882,6.166844,1.026606,6,14
以色列,3.040555,5.932589,0.8649042,2,14
拜登,3.026686,5.768363,1.090366,3,14
日本,2.709358,5.695516,1.171693,11,14
