NodeID,PositionX,PositionY,PositionZ,Size,Group
科技,6.775392,7.053014,7.002256,101,11
Apple,6.660556,7.044627,6.317079,4,11
iPhone,6.60219,7.378374,6.536509,5,11
华为,6.381236,7.259916,6.682119,10,11
雷军,6.355115,7.200849,6.453652,3,11
安卓,6.411746,7.51396,6.782652,2,11
鸿蒙,6.288867,7.418829,6.92745,3,11
平板电脑,6.863003,6.871013,6.294549,4,11
发布会,3.231462,3.815498,5.900933,2,7
新能源车,3.478551,4.187222,5.554315,19,7
赛车,3.997977,4.575666,4.968445,14,7
迈凯伦,3.708305,4.778957,4.589288,2,7
超跑,3.300539,4.539012,4.61429,4,7
豪车,3.289083,4.360449,4.60928,3,7
迈巴赫,3.286273,4.086664,4.567182,2,7
奔驰,3.259475,4.052171,4.776441,5,7
汽车知识科普,3.565299,4.069957,4.94468,12,7
SUV,3.417302,3.688468,5.100075,2,7
本田,3.483143,3.638984,5.394783,2,7
日系车,3.727588,3.877986,5.132719,2,7
吉利,3.790669,3.935946,5.433756,2,7
极氪001,3.832571,4.192624,5.20181,2,7
商业,2.270163,6.612342,1.585009,4,14
企业,1.97639,6.660349,1.512547,2,14
民生,2.059448,6.348408,1.131156,12,14
热点观察局,2.177204,6.142296,1.122423,15,14
台湾,2.068539,5.853906,1.152755,9,14
军事,2.309581,5.671403,1.265146,17,14
地震,1.921291,5.623487,0.9730488,2,14
台海,1.872061,5.743877,1.257109,2,14
英语老师,0.3490156,4.946091,0.7091518,2,5
