NodeID,PositionX,PositionY,PositionZ,Size,Group
必剪创作,0.2257796,4.544203,4.28144,19,4
影视杂谈,0.05687663,4.27195,4.40727,14,4
影评杂谈,0.1779947,3.845666,4.28027,5,4
豆瓣高分,0.6968617,4.582486,3.97225,5,4
影视剪辑,0.5019335,4.403685,4.561496,25,4
电影剪辑,0.4912242,4.22116,4.419014,6,4
高能,0.8380611,4.984084,1.646385,46,5
Rumors,1.092974,5.013331,2.042001,3,5
奇葩,1.180225,5.24352,1.580921,31,5
沙雕视频,1.390612,5.2222,2.038385,6,5
吐槽,1.017181,5.558377,1.505546,22,5
美食制作,2.940606,2.932808,6.112152,29,12
美食教程,2.951614,2.914511,6.256162,12,12
美食测评,3.570337,2.74361,6.070813,17,12
声控,3.526989,3.08045,6.207393,5,12
吃货,3.643424,2.735321,5.943775,16,12
测评,3.951417,2.239705,6.313056,7,12
鬼畜调教,1.84363,0.5682403,3.638643,44,17
脑洞,1.421537,0.3276579,4.339709,6,17
听不清楚该罚,1.271251,0.4949789,4.526254,3,17
雍正大破十八铜人,1.39532,0.6472493,4.620572,2,17
种草,1.029877,7.025624,7.236808,11,6
日常,0.7645651,7.053901,6.924835,46,6
发型,0.7551298,7.333858,6.813534,8,6
美妆护肤,0.8839321,7.285884,7.338517,24,6
干货,0.7498006,7.345978,7.532429,6,6
护发,1.212942,7.237808,7.647831,2,6
