NodeID,PositionX,PositionY,PositionZ,Size,Group
运动,2.220417,2.994999,2.969162,104,15
运动文化,2.487557,3.448632,2.718882,12,15
球鞋测评,2.789444,3.518085,2.477342,2,15
健身,2.166964,2.977846,2.349239,21,15
健身整花活儿,2.532617,2.985184,2.120399,2,15
增肌,2.324877,3.014349,1.981849,2,15
科普,1.426945,2.911905,1.777486,28,10
设计·创意,1.382303,3.565156,1.65463,13,10
自然,1.322818,2.863624,1.523818,8,10
摄影,1.996283,2.78883,1.252942,20,10
调色教程,2.376374,2.867745,1.415943,3,10
PS,2.405263,2.773845,1.281635,4,10
盲盒,2.687423,2.971101,1.425729,2,2
影视,0.1477439,4.509906,4.169803,101,4
影视综合,0.7294243,4.669025,4.172465,11,4
经典电影,0.7007861,4.521906,4.39103,12,4
电影,0.1955693,4.256165,4.162585,21,4
影评杂谈,0.1779947,3.845666,4.28027,5,4
高分,0.5697258,4.050846,4.470092,2,4
战争,0.4513081,4.187819,4.613491,4,4
影视剪辑,0.5019335,4.403685,4.561496,25,4
黄旭华,0.9355013,4.790145,4.493497,2,4
袁隆平,1.008698,4.683125,4.448252,2,4
凄美地,0.9926072,4.718995,4.723743,3,4
林黛玉,2.332199,3.166969,2.62965,2,10
人文历史,1.967805,3.106246,2.316055,14,10
生物,1.189817,2.532306,1.666888,2,10
古生物,1.331186,2.45764,1.628387,3,10
