NodeID,PositionX,PositionY,PositionZ,Size,Group
格斗游戏,4.664241,7.050488,7.137735,6,8
Apple,6.660556,7.044627,6.317079,4,11
网络,7.419937,7.386607,6.997271,2,11
教程,6.990493,6.949428,7.492151,18,11
软件应用,6.690033,7.371235,7.254503,20,11
哲学,1.761535,2.667605,1.996805,2,10
剧情,-0.2335303,4.842947,3.526051,7,4
预告·资讯,0.2310662,4.391179,3.688693,12,4
Last Reunion,1.008844,4.956615,4.320795,2,4
经典老歌,3.454372,6.847184,7.729804,4,16
美食侦探,3.439987,2.245887,5.868577,28,12
街头美食,3.624508,2.382387,5.959377,13,12
摄影,1.996283,2.78883,1.252942,20,10
美国,2.747586,6.084419,1.209479,28,14
特朗普,3.113882,6.166844,1.026606,6,14
拜登,3.026686,5.768363,1.090366,3,14
真实,7.072905,8.160423,1.181779,6,9
拍照,7.456663,7.204125,0.1058426,2,9
游戏集锦,4.464697,7.039179,7.324826,2,8
电子竞技,4.594887,6.990243,7.616803,18,8
精彩集锦,4.665608,6.743396,7.743502,8,8
单机游戏,4.420311,6.739937,7.139832,21,8
Mugen,4.61493,7.130699,6.898191,12,8
相机,6.964107,7.388708,6.318254,4,11
iPhone,6.60219,7.378374,6.536509,5,11
英国,2.787813,6.384159,1.586759,7,14
手办模型,2.505767,2.216567,1.373352,7,2
情感,0.7664028,5.297312,1.488449,15,5
可爱,0.6410854,3.818231,2.638371,34,13
生活记录,6.913461,7.498932,0.8834383,63,9
