NodeID,PositionX,PositionY,PositionZ,Size,Group
影视杂谈,0.05687663,4.27195,4.40727,14,4
影视整活,0.3724973,4.08681,4.293344,13,4
万恶之源,1.290478,5.274719,1.625886,20,5
沙雕,1.242355,5.295028,1.500563,37,5
时尚,0.78873,6.999404,6.867311,99,6
美妆护肤,0.8839321,7.285884,7.338517,24,6
发型,0.7551298,7.333858,6.813534,8,6
穿搭,0.7710567,6.869289,6.801886,35,6
时尚潮流,1.077103,6.771353,6.613363,22,6
服饰,1.083797,6.790761,6.759488,18,6
秀场,1.357215,6.688107,6.566916,5,6
养发,1.152019,7.498049,7.592627,2,6
西班牙,3.569939,2.822616,5.551068,5,12
升进二十四气,2.436855,3.081903,6.292349,2,12
创意美食,3.398282,3.253149,6.314233,2,12
美食侦探,3.439987,2.245887,5.868577,28,12
艺术,1.932898,3.308583,2.021989,10,10
设计·创意,1.382303,3.565156,1.65463,13,10
经验分享,1.364715,3.774431,2.220477,12,10
光影,2.127273,2.87998,1.739157,2,10
人文历史,1.967805,3.106246,2.316055,14,10
摄影,1.996283,2.78883,1.252942,20,10
欢乐,1.51539,5.291825,1.922081,3,5
快乐源泉,1.669631,5.152997,1.77199,3,5
沙雕视频,1.390612,5.2222,2.038385,6,5
盛世美颜挖掘机,7.52036,4.60212,2.67395,5,3
氛围,7.101516,4.678352,2.497815,3,3
少年感,7.939544,4.517845,2.499824,3,3
帅哥,7.453862,4.007443,2.907701,12,3
