NodeID,PositionX,PositionY,PositionZ,Size,Group
新能源,3.524635,4.402851,5.480327,7,7
评测,6.881641,7.230054,6.543687,8,11
摄影,1.996283,2.78883,1.252942,20,10
Vlog,3.263912,2.643828,6.059899,30,12
电影,0.1955693,4.256165,4.162585,21,4
林黛玉,2.332199,3.166969,2.62965,2,10
足球,2.330502,2.996922,3.663836,26,15
欧洲杯,2.578924,2.914636,3.698429,7,15
德国,2.810511,3.053754,3.701216,3,15
德国队,2.822872,2.998027,3.491902,3,15
Call of Silence,3.174587,2.386154,0.9734266,5,2
学习,1.53351,3.609128,2.402029,19,10
漫画,3.721823,2.599564,2.349045,8,2
猫咪,4.92968,2.177568,4.150383,3,1
动物总动员,5.430228,2.300665,3.687067,32,1
电动车,2.965893,4.321036,5.331446,6,7
骑行,2.440068,4.206509,5.212809,7,7
运动文化,2.487557,3.448632,2.718882,12,15
比赛,0.1683046,4.61982,2.465491,5,13
校园学习,1.326008,3.743698,2.406164,11,10
必剪创作,0.2257796,4.544203,4.28144,19,4
沙雕,1.242355,5.295028,1.500563,37,5
人文历史,1.967805,3.106246,2.316055,14,10
万物研究所,1.500639,2.964166,1.766509,6,10
少女,3.637475,2.420748,2.175891,7,2
MAD,3.515499,1.966278,1.757321,13,2
名场面,1.019744,5.032621,1.781064,30,5
超跑,3.300539,4.539012,4.61429,4,7
购车攻略,3.22943,4.009661,5.068301,14,7
新能源汽车,3.249932,3.943488,5.562314,6,7
