NodeID,PositionX,PositionY,PositionZ,Size,Group
街舞,0.6016803,4.402647,2.337082,16,13
必剪创作,0.2257796,4.544203,4.28144,19,4
Hip-Hop,0.5339609,4.63932,1.92581,4,13
运动文化,2.487557,3.448632,2.718882,12,15
骑行,2.440068,4.206509,5.212809,7,7
2024科学很可爱,2.375381,4.072609,5.135829,2,7
摄影教程,2.012101,2.982161,0.9311277,4,10
相机,6.964107,7.388708,6.318254,4,11
DIY,7.03993,6.961959,6.896014,11,11
玩具,2.752665,2.439389,1.488723,9,2
房车,3.223768,5.017737,5.200345,13,7
自驾游,3.074021,5.18106,5.21228,5,7
新疆,5.948619,2.584556,3.129375,3,1
出行,7.188619,7.412332,0.2867483,14,9
旅游,7.117748,7.186236,0.5102142,6,9
热点,2.546607,6.027359,1.106718,32,14
原创,0.5388288,5.261994,1.225389,42,5
香港,2.411141,5.946509,0.7462249,4,14
体育,1.985606,2.979714,3.231186,19,15
竞技体育,1.632768,3.007968,2.82711,11,15
读书,2.095996,3.411979,2.39741,3,10
艺术,1.932898,3.308583,2.021989,10,10
设计·创意,1.382303,3.565156,1.65463,13,10
户外,7.057346,7.373648,0.4741761,9,9
数码,6.779968,7.288467,6.686352,41,11
烧烤,3.937543,2.591342,6.200458,4,12
夜宵,3.686064,2.638076,6.353696,3,12
街头美食,3.624508,2.382387,5.959377,13,12
吃货,3.643424,2.735321,5.943775,16,12
娱乐吃瓜大会,7.613529,3.710098,1.914153,10,3
