NodeID,PositionX,PositionY,PositionZ,Size,Group
F1,4.075964,4.724651,4.693624,9,7
西瓜,3.731572,3.245768,5.800255,3,12
萌宠,5.582911,2.331585,3.892854,12,1
小宠异宠,5.377084,2.722373,3.349085,15,1
橘猫,5.251657,1.9964,4.256899,6,1
狸花猫,5.021621,1.938399,4.506563,4,1
