NodeID,PositionX,PositionY,PositionZ,Size,Group
游戏音乐,5.010066,6.558382,6.979306,4,8
游戏,4.684269,6.775804,7.396548,111,8
我的世界,4.115067,6.357489,7.256095,5,8
推荐宝藏游戏,4.381845,6.598937,7.454552,4,8
单机游戏,4.420311,6.739937,7.139832,21,8
新人,4.174208,7.20893,7.168589,6,8
闺泣,2.316217,1.031809,3.714032,3,17
鬼畜,1.75467,0.7733017,3.820789,108,17
鸡,6.237689,6.970524,1.209807,2,9
汉堡,6.333861,6.831661,0.9892263,2,9
美食测评,3.570337,2.74361,6.070813,17,12
美食记录,3.463825,2.837101,5.976493,24,12
探店,3.662798,2.259452,6.010533,16,12
云南美食,3.23077,2.074521,6.307201,2,12
Vlog,3.263912,2.643828,6.059899,30,12
乡村美食,3.146781,2.395699,6.788066,7,12
美食,3.350418,2.602116,6.135998,112,12
升进二十四气,2.436855,3.081903,6.292349,2,12
烧尾宴,2.412662,2.909837,6.204047,2,12
美食制作,2.940606,2.932808,6.112152,29,12
鱿鱼,3.390282,3.001792,5.57426,2,12
咀嚼音,3.825585,2.952672,5.965773,4,12
吃播,3.650686,2.514224,5.494407,3,12
咀嚼音,3.825585,2.952672,5.965773,4,12
吃货,3.643424,2.735321,5.943775,16,12
赶海,6.675447,6.96331,0.6424924,4,9
生活,7.086966,7.485795,0.8767818,232,9
出行,7.188619,7.412332,0.2867483,14,9
垃圾佬,7.107216,7.696972,0.0962555,2,9
出行,7.188619,7.412332,0.2867483,14,9
Children of the Dark,6.859537,7.372951,0.03079947,2,9
