NodeID,PositionX,PositionY,PositionZ,Size,Group
汽车,3.315197,4.427183,5.105568,104,7
奔驰,3.259475,4.052171,4.776441,5,7
改装,3.014888,4.592365,4.935679,8,7
电动车,2.965893,4.321036,5.331446,6,7
试驾,3.452866,3.984279,5.47732,2,7
新能源车,3.478551,4.187222,5.554315,19,7
新能源,3.524635,4.402851,5.480327,7,7
房车,3.223768,5.017737,5.200345,13,7
五菱,3.272966,4.667781,5.68607,2,7
房车,3.223768,5.017737,5.200345,13,7
改装玩车,3.338733,4.644831,4.789788,11,7
汽车,3.315197,4.427183,5.105568,104,7
勒克莱尔,4.21509,4.487558,4.71617,2,7
周冠宇,4.234882,4.671864,4.881444,3,7
鬼畜,1.75467,0.7733017,3.820789,108,17
PVZ,1.068343,0.9022295,4.132451,2,17
植物娘大战僵尸,1.024848,0.9927601,3.995695,2,17
鬼畜剧场,1.497373,0.692238,4.142028,27,17
自制,2.045812,0.4383686,3.846979,15,17
猫meme,2.127,0.6459507,4.049582,3,17
自制,2.045812,0.4383686,3.846979,15,17
科技,6.775392,7.053014,7.002256,101,11
制作,7.413452,7.484183,1.789855,6,9
手工,7.168322,7.430295,1.57814,16,9
制作,7.413452,7.484183,1.789855,6,9
生活,7.086966,7.485795,0.8767818,232,9
青空,7.769717,7.065852,0.7018063,2,9
街头美食,3.624508,2.382387,5.959377,13,12
测评,3.951417,2.239705,6.313056,7,12
烧烤,3.937543,2.591342,6.200458,4,12
美食记录,3.463825,2.837101,5.976493,24,12
