NodeID,PositionX,PositionY,PositionZ,Size,Group
探店,3.662798,2.259452,6.010533,16,12
小宠异宠,5.377084,2.722373,3.349085,15,1
放松,6.012006,1.522887,3.108057,4,1
编程,7.303781,6.927353,7.694685,4,11
公务员,1.729308,3.946698,2.153261,3,10
英雄联盟CG,4.091115,7.258012,7.568096,2,8
健身,2.166964,2.977846,2.349239,21,15
汽车知识,3.173304,4.416108,4.832894,6,7
王者农药,2.881266,8.073722,7.257383,2,16
Natural,4.039838,7.408435,7.375207,2,8
柠檬,5.980379,2.993758,3.806829,2,1
炫神,1.308558,0.773799,3.582367,2,17
表演,6.771276,4.655548,2.046356,2,3
格斗,4.400075,7.2894,6.791689,4,8
极限运动,1.817286,3.498233,3.013927,3,15
月壤,4.843197,2.609145,3.951841,2,1
霸王龙,4.574566,1.89876,4.212962,2,1
戏精整活大赏,-0.1230463,4.732076,3.204363,2,4
广东,0.6606441,4.540445,2.001539,4,5
摄影教程,2.012101,2.982161,0.9311277,4,10
卧槽,1.544394,4.94482,1.62702,2,5
美少女,3.650342,2.835789,2.416933,2,2
普法,1.619287,3.000712,2.539638,3,10
青春运动会,2.599742,2.352697,2.568926,2,15
新能源汽车,3.249932,3.943488,5.562314,6,7
五菱,3.272966,4.667781,5.68607,2,7
热舞,0.6970113,3.638724,2.506388,3,13
2024游戏暑期狂欢节,5.073294,6.974434,7.149258,2,8
韩国女团,0.4552068,3.250789,2.223629,4,13
音乐研究所,3.392159,6.804261,7.794153,2,16
滑板,1.460237,3.3417,3.060227,3,15
